Attempt,Reward,Observations
1,-0.7740915270588278,"[-0.01057444  1.4249874  -0.53943574  0.29974785  0.01361108  0.15028933
  0.          0.        ]"
1,-0.12385718002630597,"[-0.01589308  1.4311343  -0.5394591   0.2731157   0.02112031  0.15019861
  0.          0.        ]"
1,-3.288358048482496,"[-0.0212286   1.4379517  -0.54115206  0.30286515  0.02863424  0.15029249
  0.          0.        ]"
1,-1.2248778973297465,"[-0.02664404  1.4441593  -0.55116904  0.2756833   0.03815583  0.19044963
  0.          0.        ]"
1,0.4999675172007312,"[-0.03199444  1.4497663  -0.54301554  0.24898197  0.04603599  0.15761772
  0.          0.        ]"
1,-1.466651358139784,"[-0.03743153  1.4547602  -0.5538697   0.22160736  0.05609789  0.2012567
  0.          0.        ]"
1,-0.5243884220571999,"[-0.04286899  1.4591553  -0.5539001   0.19493128  0.06615686  0.20119798
  0.          0.        ]"
1,-2.990390258853199,"[-0.04826002  1.4644616  -0.5497876   0.2353309   0.07675298  0.21194184
  0.          0.        ]"
1,-1.8453188023091787,"[-0.05374203  1.4691511  -0.5612089   0.20771019  0.08965111  0.25798625
  0.          0.        ]"
1,0.5045557442783217,"[-0.05912704  1.4732593  -0.548982    0.18192343  0.10006754  0.20834763
  0.          0.        ]"
1,0.4401580494173356,"[-0.06443481  1.4767894  -0.53926086  0.1563092   0.10849927  0.16864967
  0.          0.        ]"
1,0.7434847148826418,"[-0.06965637  1.4797394  -0.52840745  0.13064077  0.11472122  0.12445034
  0.          0.        ]"
1,0.8661742969466968,"[-0.07479582  1.4821105  -0.5180778   0.10505948  0.11883547  0.08229237
  0.          0.        ]"
1,0.8710061875669066,"[-0.07986431  1.4838858  -0.50919825  0.07870707  0.12116623  0.04661984
  0.          0.        ]"
1,-2.682129115033052,"[-0.08504238  1.4865732  -0.52021134  0.11924788  0.1235584   0.0478481
  0.          0.        ]"
1,0.05372587085284408,"[-0.09022055  1.4886603  -0.52021587  0.09256627  0.12594984  0.04783318
  0.          0.        ]"
1,0.9718820879533621,"[-0.09532996  1.4901694  -0.5115582   0.06701751  0.12656511  0.01230647
  0.          0.        ]"
1,1.2230291494541359,"[-0.10036173  1.4910855  -0.501837    0.04082131  0.12522595 -0.02678569
  0.          0.        ]"
1,1.640136866568896,"[-0.10529689  1.4914268  -0.4896849   0.01548633  0.12140939 -0.076338
  0.          0.        ]"
1,0.3847433387511785,"[-0.11023188  1.4911681  -0.48967227 -0.01118273  0.11759402 -0.07631423
  0.          0.        ]"
1,1.221123984820083,"[-0.1151041   1.4903275  -0.48177108 -0.03694316  0.11216842 -0.10852163
  0.          0.        ]"
1,0.40029822432465495,"[-1.19959831e-01  1.49029469e+00 -4.80693430e-01 -1.10259221e-03
  1.07307084e-01 -9.72352251e-02  0.00000000e+00  0.00000000e+00]"
1,0.6035552523891397,"[-0.12475996  1.4903347  -0.47560406  0.00209205  0.10292487 -0.08765201
  0.          0.        ]"
1,0.3914015780008242,"[-0.1295599   1.489775   -0.47559136 -0.02457733  0.09854311 -0.08764281
  0.          0.        ]"
1,0.30678941953740946,"[-0.1343584   1.4885943  -0.47543555 -0.05219341  0.09416194 -0.08762327
  0.          0.        ]"
1,-1.2820095729934724,"[-0.13925381  1.4867963  -0.4875931  -0.07978918  0.09223776 -0.03848355
  0.          0.        ]"
1,-0.20750342722833465,"[-0.14418545  1.4852499  -0.4913071  -0.06861254  0.09038734 -0.03700841
  0.          0.        ]"
1,1.3526163967243872,"[-0.14902     1.4831284  -0.47907647 -0.09403066  0.08605488 -0.08664958
  0.          0.        ]"
1,-0.677076861479651,"[-0.15399542  1.4815545  -0.49282485 -0.06968044  0.08137613 -0.09357489
  0.          0.        ]"
1,1.4974223393612192,"[-0.15883951  1.4801458  -0.48048982 -0.06240993  0.07749453 -0.07763205
  0.          0.        ]"
1,1.0106438807410438,"[-0.16362162  1.4781358  -0.47271776 -0.08905695  0.07206061 -0.10867842
  0.          0.        ]"
1,-1.132994951565563,"[-0.16848965  1.4755092  -0.4835256  -0.11658122  0.06880888 -0.06503423
  0.          0.        ]"
1,-0.10215389086999949,"[-0.17335777  1.4722829  -0.48352557 -0.14324878  0.06555717 -0.06503417
  0.          0.        ]"
1,-0.25966811854890465,"[-0.17837735  1.4699036  -0.49825674 -0.10558541  0.06189795 -0.07318454
  0.          0.        ]"
1,1.3179624645153478,"[-0.18330403  1.4669285  -0.48660287 -0.13199255  0.0559033  -0.11989303
  0.          0.        ]"
1,0.1291923494595153,"[-0.1882306   1.4633538  -0.48660263 -0.15866219  0.04990866 -0.11989272
  0.          0.        ]"
1,0.06111997361199428,"[-0.19315739  1.4591795  -0.48660237 -0.18533187  0.04391405 -0.1198924
  0.          0.        ]"
1,-0.0007498036255242368,"[-0.19808407  1.4544058  -0.48660213 -0.21200153  0.03791944 -0.11989212
  0.          0.        ]"
1,0.8899310838491783,"[-0.2029398   1.449031   -0.47769862 -0.23869735  0.0301435  -0.15551881
  0.          0.        ]"
1,0.05650071495267639,"[-0.20779553  1.4430571  -0.47769833 -0.26536906  0.0223676  -0.15551817
  0.          0.        ]"
1,0.93038633590274,"[-0.21257982  1.436485   -0.46873647 -0.29197893  0.01279694 -0.1914134
  0.          0.        ]"
1,0.4023757364489427,"[-0.21750212  1.4300194  -0.48191357 -0.28730744  0.00261559 -0.20362702
  0.          0.        ]"
1,-1.2834994137759566,"[-0.22242442  1.4229553  -0.48191342 -0.3139828  -0.00756568 -0.20362552
  0.          0.        ]"
1,-1.1424043184257744,"[-0.22724886  1.4152813  -0.46963462 -0.34117743 -0.02020729 -0.2528325
  0.          0.        ]"
1,-2.642846371516923,"[-0.23213987  1.4070139  -0.47799736 -0.3676277  -0.03117264 -0.21930702
  0.          0.        ]"
1,2.1056181504435587,"[-0.2368876   1.3993745  -0.4642252  -0.33979005 -0.04159417 -0.20843062
  0.          0.        ]"
1,-1.4925260278629071,"[-0.24157314  1.3911405  -0.45643312 -0.36633638 -0.05357279 -0.23957253
  0.          0.        ]"
1,-2.1150881053777653,"[-0.24625865  1.3823085  -0.45643386 -0.39301503 -0.0655513  -0.23957014
  0.          0.        ]"
1,-2.1268540369337074,"[-0.250944    1.3728784  -0.45643488 -0.41969374 -0.07752968 -0.23956779
  0.          0.        ]"
1,-1.6832748874292907,"[-0.2555457   1.3628347  -0.44593757 -0.44718498 -0.09162796 -0.2819656
  0.          0.        ]"
1,-2.3671178365941046,"[-0.26014718  1.3521937  -0.44593963 -0.47386825 -0.10572605 -0.28196177
  0.          0.        ]"
1,-2.790491820481775,"[-0.2648169   1.3409537  -0.45449194 -0.5004848  -0.1181187  -0.247853
  0.          0.        ]"
1,2.395180810821455,"[-0.26932973  1.3302985  -0.43912143 -0.47456706 -0.13022226 -0.24207142
  0.          0.        ]"
1,-2.5974665242137847,"[-0.27392608  1.3190713  -0.44964147 -0.49989396 -0.14017077 -0.19897024
  0.          0.        ]"
1,4.282361769285967,"[-0.27828884  1.3087813  -0.42671043 -0.4582652  -0.14971274 -0.19083962
  0.          0.        ]"
1,-1.7029633144296372,"[-0.28258857  1.2978742  -0.4188028  -0.48592123 -0.16087629 -0.2232709
  0.          0.        ]"
1,1.359793203518717,"[-0.28681582  1.2873794  -0.4114079  -0.4677094  -0.17220943 -0.2266626
  0.          0.        ]"
1,-2.504469345466957,"[-0.291116    1.2763114  -0.42061535 -0.49302948 -0.18163835 -0.18857838
  0.          0.        ]"
1,-2.3897570187390884,"[-0.2955049   1.264661   -0.4317526  -0.51868516 -0.18880448 -0.14332275
  0.          0.        ]"
1,-1.9588356916808027,"[-0.29995647  1.2524356  -0.43966967 -0.5440629  -0.19432168 -0.11034384
  0.          0.        ]"
1,0.8771122291354458,"[-0.3044537   1.2405016  -0.44350663 -0.5312202  -0.20057754 -0.12511721
  0.          0.        ]"
1,4.501690389852269,"[-0.3086884   1.2293754  -0.41758648 -0.49531    -0.20650908 -0.11863073
  0.          0.        ]"
1,-2.027830084255952,"[-0.31301194  1.2176721  -0.42874283 -0.5206557  -0.21015152 -0.07284894
  0.          0.        ]"
1,1.6350236982688215,"[-0.3172895   1.2062694  -0.42377743 -0.5073583  -0.21416573 -0.08028431
  0.          0.        ]"
1,4.587691047042665,"[-0.3212894   1.1956191  -0.3963826  -0.47387666 -0.21781223 -0.07292987
  0.          0.        ]"
1,0.017088793620513354,"[-0.32532898  1.1849821  -0.39977148 -0.4733804  -0.222047   -0.08469544
  0.          0.        ]"
1,-1.5093952136422502,"[-0.3293685   1.1737453  -0.399772   -0.5000485  -0.22628176 -0.08469532
  0.          0.        ]"
1,5.0240661383999,"[-0.3331023   1.16335    -0.3695705  -0.46259585 -0.23013626 -0.07708985
  0.          0.        ]"
1,4.311626684003909,"[-0.33657202  1.153676   -0.34343174 -0.43051165 -0.23373204 -0.07191555
  0.          0.        ]"
1,0.6287748708114804,"[-0.34008121  1.1442246  -0.34662193 -0.42075053 -0.23809314 -0.08722202
  0.          0.        ]"
1,3.2464788196714496,"[-0.34350696  1.1355841  -0.33764154 -0.3848325  -0.24310611 -0.10025936
  0.          0.        ]"
1,-2.064599919439614,"[-0.3470045   1.1263695  -0.34668213 -0.4100568  -0.24623057 -0.06248937
  0.          0.        ]"
1,-1.37430863480398,"[-0.35044146  1.1165277  -0.3390316  -0.4382013  -0.25097716 -0.09493154
  0.          0.        ]"
1,-1.5196005765297957,"[-0.35378775  1.1060398  -0.32756674 -0.46735704 -0.25818157 -0.1440885
  0.          0.        ]"
1,-1.9721438079017162,"[-0.35713392  1.0949523  -0.32756838 -0.49402794 -0.265386   -0.14408801
  0.          0.        ]"
1,-2.0786442845855775,"[-0.3605427   1.0833033  -0.335541   -0.51871085 -0.27085266 -0.10933363
  0.          0.        ]"
1,-1.7500381540949093,"[-0.3639515   1.0710547  -0.335542   -0.54537994 -0.27631932 -0.1093334
  0.          0.        ]"
1,2.0907303965301596,"[-0.36714262  1.0590068  -0.31407887 -0.53643095 -0.2814917  -0.10344718
  0.          0.        ]"
1,5.221029947841271,"[-0.369978    1.0478108  -0.27883425 -0.49851748 -0.28632772 -0.0967207
  0.          0.        ]"
1,-1.9530215818183467,"[-0.37289324  1.0360463  -0.2888871  -0.5233848  -0.28904048 -0.05425534
  0.          0.        ]"
1,-1.6718919937614476,"[-0.37589288  1.023722   -0.2995477  -0.54782134 -0.2894666  -0.00852225
  0.          0.        ]"
1,-1.4569486107628495,"[-0.37898237  1.0108287  -0.3108252  -0.5726713  -0.28753245  0.0386829
  0.          0.        ]"
1,5.333712563810434,"[-0.38176423  0.99868613 -0.28024298 -0.539266   -0.285416    0.04232869
  0.          0.        ]"
1,1.783641180923223,"[-0.3844254   0.98661894 -0.26813042 -0.53593373 -0.28335077  0.04130397
  0.          0.        ]"
1,-1.1085043222410604,"[-0.38708663  0.97395176 -0.26813057 -0.56260073 -0.28128558  0.04130394
  0.          0.        ]"
1,-1.122310406662591,"[-0.38968286  0.9606484  -0.25989679 -0.59120274 -0.2810077   0.00555783
  0.          0.        ]"
1,-1.2402202632007107,"[-0.39220554  0.9467192  -0.25065    -0.6193868  -0.28266788 -0.03320307
  0.          0.        ]"
1,2.669630031156612,"[-0.39457625  0.9331351  -0.23532355 -0.6040839  -0.2844665  -0.03597204
  0.          0.        ]"
1,4.323009243597721,"[-0.39659682  0.92013377 -0.20082179 -0.57807785 -0.2857348  -0.0253659
  0.          0.        ]"
1,-1.4854309186892465,"[-0.39861733  0.90653247 -0.20082183 -0.60474473 -0.2870031  -0.02536596
  0.          0.        ]"
1,5.392646085325549,"[-0.4003249   0.8938221  -0.16961312 -0.56512886 -0.28818557 -0.02364945
  0.          0.        ]"
1,-1.7251562643864975,"[-0.40194592  0.8804697  -0.15867469 -0.59412634 -0.2917187  -0.07066248
  0.          0.        ]"
1,-1.734325248289565,"[-0.403567    0.8665173  -0.15867513 -0.62079394 -0.29525182 -0.07066242
  0.          0.        ]"
1,3.0672146995034497,"[-0.4049933   0.85305464 -0.13909814 -0.59906924 -0.29890168 -0.07299723
  0.          0.        ]"
1,-1.5916788685109668,"[-0.40648222  0.83903146 -0.14706126 -0.623627   -0.30079257 -0.03781823
  0.          0.        ]"
1,-1.5395635184199818,"[-0.40797114  0.8244085  -0.14706141 -0.650294   -0.30268344 -0.03781825
  0.          0.        ]"
1,1.1293172578928192,"[-0.40924174  0.80975634 -0.12565508 -0.65149957 -0.30413556 -0.02904226
  0.          0.        ]"
1,-1.4651455941189226,"[-0.4105123   0.7945042  -0.12565516 -0.6781664  -0.30558768 -0.0290424
  0.          0.        ]"
1,-1.6748168140514383,"[-0.4117015   0.7786201  -0.11542189 -0.70670134 -0.30920646 -0.07237564
  0.          0.        ]"
1,-1.5978015767742022,"[-0.4128906   0.76213604 -0.11542238 -0.73336905 -0.31282523 -0.07237555
  0.          0.        ]"
1,-1.2602616758942122,"[-0.41415852  0.74510306 -0.12545124 -0.75731057 -0.31421584 -0.02781186
  0.          0.        ]"
1,-1.5820769053947845,"[-0.41536885  0.7274303  -0.11810356 -0.786095   -0.31725347 -0.0607529
  0.          0.        ]"
1,-1.4212969340578923,"[-0.41657907  0.70915765 -0.11810391 -0.81276244 -0.3202911  -0.06075285
  0.          0.        ]"
1,-1.745446553634422,"[-0.41771555  0.6902372  -0.10872564 -0.84200454 -0.325418   -0.102538
  0.          0.        ]"
1,-1.9552696694364886,"[-0.41876227  0.67066944 -0.09737747 -0.87134266 -0.333021   -0.15205953
  0.          0.        ]"
1,3.596266089268352,"[-0.41956154  0.6517532  -0.07248342 -0.8424561  -0.34080496 -0.15567957
  0.          0.        ]"
1,2.996314288852415,"[-0.4202602   0.6334221  -0.06169895 -0.81667316 -0.3493726  -0.17135246
  0.          0.        ]"
1,-2.451267625684322,"[-0.42086878  0.614444   -0.05035334 -0.8460585  -0.36042646 -0.22107749
  0.          0.        ]"
1,3.09654765331332,"[-0.42112106  0.59610933 -0.01494711 -0.81749624 -0.37129104 -0.2172918
  0.          0.        ]"
1,-2.6286846953017275,"[-0.42131037  0.577139   -0.00703934 -0.8462613  -0.38391867 -0.2525527
  0.          0.        ]"
1,-1.9188494631378592,"[-0.42157483  0.5576222  -0.01665604 -0.8700895  -0.39435822 -0.20879109
  0.          0.        ]"
1,2.2031833469530513,"[-0.42139658  0.5385497   0.02696214 -0.8502295  -0.40414533 -0.19574282
  0.          0.        ]"
1,-2.6960965630608187,"[-0.42113557  0.5188245   0.03740837 -0.8799481  -0.41630912 -0.24327552
  0.          0.        ]"
1,-2.2995474884594955,"[-0.42087397  0.498501    0.03740099 -0.9066261  -0.42847276 -0.24327299
  0.          0.        ]"
1,-2.91993451037021,"[-0.42052573  0.47752327  0.04828631 -0.936516   -0.44312462 -0.29303816
  0.          0.        ]"
1,3.101191874736071,"[-0.4198622   0.45736465  0.08022895 -0.9004038  -0.45833623 -0.3042323
  0.          0.        ]"
1,-3.1504316271320634,"[-0.41913813  0.43656266  0.08780216 -0.92969173 -0.4753453  -0.3401816
  0.          0.        ]"
1,-3.5044329832252843,"[-0.41833454  0.4150989   0.09777309 -0.96005154 -0.49476734 -0.38844037
  0.          0.        ]"
1,-3.60681352445843,"[-0.41747326  0.39298126  0.10499545 -0.98995084 -0.516041   -0.42547232
  0.          0.        ]"
1,-1.756506765753261,"[-0.41630882  0.37072623  0.13463393 -0.99614257 -0.5367987  -0.41515476
  0.          0.        ]"
1,-2.236767102569945,"[-0.41481265  0.34823442  0.1669435  -1.0066514  -0.5568102  -0.40022975
  0.          0.        ]"
1,-2.5741196862772413,"[-0.4133684   0.3251909   0.160121   -1.0307906  -0.57515556 -0.36690694
  0.          0.        ]"
1,-2.2138474321035333,"[-0.4119994   0.30161548  0.15038909 -1.053719   -0.5910962  -0.31881338
  0.          0.        ]"
1,-0.8364898891876351,"[-0.4104813   0.27801004  0.1654958  -1.0553534  -0.60744375 -0.32695022
  0.          0.        ]"
1,-0.37757715817723464,"[-0.4088387   0.25451148  0.17842343 -1.051051   -0.6245629  -0.3423852
  0.          0.        ]"
1,-2.9715525742486477,"[-0.4071946   0.23041607  0.1784022  -1.0777379  -0.6416819  -0.34237832
  0.          0.        ]"
1,-3.032931400187408,"[-0.4055489   0.20572379  0.17838046 -1.1044242  -0.6588005  -0.34237137
  0.          0.        ]"
1,-3.952167008548854,"[-0.4038381   0.1803536   0.18658118 -1.1357127  -0.6782852  -0.38969448
  0.          0.        ]"
1,-0.36907488957864415,"[-0.40151805  0.15540455  0.24709415 -1.1170977  -0.69755185 -0.38533348
  0.          0.        ]"
1,-0.9924418404515791,"[-0.39899817  0.13063096  0.26747066 -1.1098597  -0.717646   -0.40188354
  0.          0.        ]"
1,-3.64252257939998,"[-0.39647588  0.10526141  0.26743776 -1.1365521  -0.7377396  -0.4018724
  0.          0.        ]"
1,-2.9353801179171897,"[-0.3940064   0.07938267  0.26016507 -1.1583097  -0.7555061  -0.35532972
  0.          0.        ]"
1,-1.2818358538404937,"[-0.39075837  0.05395855  0.33751887 -1.1380736  -0.77288157 -0.34750944
  0.          0.        ]"
1,-4.366244738061737,"[-0.38746363  0.02788211  0.3431745  -1.168013   -0.79192907 -0.3809505
  0.          0.        ]"
1,-3.3520570278826356,"[-0.38421005  0.00127735  0.33749452 -1.1907604  -0.8091224  -0.34386587
  0.          0.        ]"
1,6.949370930148757,"[-0.38056797 -0.02537201  0.37613523 -1.1928818  -0.82631475 -0.343847
  1.          0.        ]"
1,44.28218836443223,"[-0.37944603 -0.03609205  0.22576003 -0.6024603  -0.98815376 -3.0005727
  1.          0.        ]"
1,-17.4977450577929,"[-0.37738186 -0.04599773  0.29529217 -0.5707347  -1.1618854  -3.2779636
  1.          0.        ]"
1,-19.849752903207246,"[-0.37500185 -0.05684197  0.294652   -0.60354114 -1.3319467  -3.3082626
  1.          0.        ]"
1,-28.049859798699078,"[-0.36916137 -0.06075378  0.56929684 -0.38379785 -1.4996442  -3.1952972
  0.          0.        ]"
1,-21.44259574107579,"[-0.36165142 -0.06407961  0.67389715 -0.33058316 -1.6565834  -3.0131385
  0.          0.        ]"
1,-23.148246788736333,"[-0.35341844 -0.06906873  0.7505795  -0.3590214  -1.8108358  -3.0118325
  0.          0.        ]"
1,-100,"[-0.34867144 -0.06202822  0.4884883   0.19941026 -1.8896968  -1.7219584
  0.          0.        ]"
2,-1.6835341731449478,"[-0.01505375  1.421028   -0.76720935  0.21181475  0.01914264  0.20921691
  0.          0.        ]"
2,-2.4158167065196947,"[-0.02268372  1.4258153  -0.77329844  0.21261467  0.02932991  0.20376447
  0.          0.        ]"
2,0.34895410981334973,"[-0.03023415  1.4300095  -0.76330894  0.18622297  0.03750494  0.1635158
  0.          0.        ]"
2,-2.124073163005579,"[-0.03783169  1.4343244  -0.7678791   0.1915396   0.04554093  0.16073482
  0.          0.        ]"
2,-2.914923952131363,"[-0.04552956  1.4390135  -0.7775706   0.20815203  0.05323805  0.153957
  0.          0.        ]"
2,-0.5585889251877916,"[-0.05322771  1.4431033  -0.7775926   0.181474    0.06093418  0.15393701
  0.          0.        ]"
2,-0.5872900837184147,"[-0.06092615  1.446594   -0.777615    0.15480451  0.06862896  0.15390982
  0.          0.        ]"
2,0.6322422065847502,"[-0.06853847  1.4494959  -0.7667782   0.12871484  0.07413533  0.11013784
  0.          0.        ]"
2,-1.576296292162424,"[-0.07622614  1.4517988  -0.776225    0.10195213  0.08152998  0.14790624
  0.          0.        ]"
2,0.498703541970799,"[-0.08383503  1.4535142  -0.76632965  0.07593701  0.08692042  0.10781892
  0.          0.        ]"
2,-0.48052529161290636,"[-0.09144421  1.45463    -0.7663437   0.04926565  0.09231129  0.10782748
  0.          0.        ]"
2,-0.5167505188894381,"[-0.09905348  1.4551462  -0.7663584   0.02259412  0.09770092  0.10780264
  0.          0.        ]"
2,-1.7670117630042046,"[-0.10674143  1.455051   -0.776222   -0.00473644  0.1050787   0.14756896
  0.          0.        ]"
2,-2.909561791088481,"[-0.11460133  1.4558517  -0.79309934  0.03507867  0.11214159  0.14127085
  0.          0.        ]"
2,-2.1494793851846894,"[-0.12255459  1.456042   -0.804783    0.00772317  0.12155573  0.18829969
  0.          0.        ]"
2,-2.7618163446046706,"[-0.13063212  1.4570546  -0.8171625   0.04421451  0.130928    0.18746267
  0.          0.        ]"
2,0.43859349665666625,"[-0.13861541  1.4574744  -0.80532706  0.01803292  0.13791865  0.13982537
  0.          0.        ]"
2,-0.959449082832964,"[-0.14657393  1.4579424  -0.8032478   0.02010494  0.145302    0.14768073
  0.          0.        ]"
2,-0.947473729858632,"[-0.15449724  1.4585588  -0.800223    0.02661028  0.1531841   0.15765598
  0.          0.        ]"
2,0.3780926716300439,"[-1.62339121e-01  1.45860434e+00 -7.89937198e-01  1.42080523e-03
  1.58938020e-01  1.15088604e-01  0.00000000e+00  0.00000000e+00]"
2,-1.849023175765608,"[-0.17025813  1.4580293  -0.79962975 -0.02640025  0.16667545  0.15476245
  0.          0.        ]"
2,0.14102924025283528,"[-0.17810841  1.4568799  -0.7909421  -0.05175311  0.17260686  0.11863898
  0.          0.        ]"
2,-3.7584306024543706,"[-0.18626718  1.4565399  -0.8211223  -0.01573003  0.17787644  0.10540091
  0.          0.        ]"
2,-0.6349305666231544,"[-0.19442606  1.4555999  -0.82113296 -0.04241401  0.18314552  0.10539094
  0.          0.        ]"
2,-2.021805041494217,"[-0.2026649   1.4540391  -0.8317243  -0.07035924  0.19102867  0.15766709
  0.          0.        ]"
2,-2.0733206363808834,"[-0.21098128  1.4518403  -0.84095347 -0.09896101  0.20040557  0.18753783
  0.          0.        ]"
2,-3.6044903707996694,"[-0.21957874  1.4504302  -0.8686317  -0.06389406  0.20936126  0.1791136
  0.          0.        ]"
2,-1.0642690654192108,"[-0.2281764   1.4484214  -0.86862975 -0.09056734  0.21831688  0.17911288
  0.          0.        ]"
2,-2.844903084693004,"[-0.2369576   1.4465644  -0.8866455  -0.08381959  0.22694615  0.1725851
  0.          0.        ]"
2,-1.055579273107469,"[-0.24573894  1.4441084  -0.88664323 -0.11049236  0.23557538  0.17258447
  0.          0.        ]"
2,0.06660010731045077,"[-0.2544449   1.4410913  -0.87708205 -0.13513987  0.24216433  0.13177913
  0.          0.        ]"
2,0.29410323123315263,"[-0.26306987  1.4374926  -0.8669306  -0.16067249  0.24667707  0.09025449
  0.          0.        ]"
2,-1.7466572594574064,"[-0.27175942  1.4332694  -0.87507343 -0.18874456  0.25290078  0.12447391
  0.          0.        ]"
2,-2.277695409166397,"[-0.28053632  1.4284153  -0.8860284  -0.21719459  0.26141694  0.17032415
  0.          0.        ]"
2,0.1762054428040483,"[-0.2892251   1.4230025  -0.87489545 -0.24165925  0.26756412  0.12294352
  0.          0.        ]"
2,-0.0722797905087009,"[-0.2978557   1.417018   -0.8675243  -0.2667963   0.2721347   0.09141161
  0.          0.        ]"
2,-0.8129304372225761,"[-0.30648637  1.410434   -0.86752367 -0.2934647   0.27670527  0.09141149
  0.          0.        ]"
2,-2.1555761434020995,"[-0.315203    1.4032215  -0.87830675 -0.32182506  0.28352773  0.13644916
  0.          0.        ]"
2,0.3364886504695914,"[-0.3238267   1.3954537  -0.866552   -0.34605458  0.28783238  0.08609352
  0.          0.        ]"
2,0.18391293060685257,"[-0.3323823   1.3871205  -0.8579401  -0.3708333   0.29028076  0.04896773
  0.          0.        ]"
2,-0.6690224681611312,"[-0.34093794  1.3781875  -0.85793984 -0.39750046  0.29272917  0.04896818
  0.          0.        ]"
2,0.6907617186657558,"[-3.4940237e-01  1.3687032e+00 -8.4638387e-01 -4.2151204e-01
  2.9267216e-01 -1.1403254e-03  0.0000000e+00  0.0000000e+00]"
2,0.8649904867681653,"[-0.35777473  1.358649   -0.83484113 -0.44637427  0.29020548 -0.04933366
  0.          0.        ]"
2,0.9045948221338176,"[-0.36607036  1.3480353  -0.8251301  -0.47084025  0.28563732 -0.0913634
  0.          0.        ]"
2,-0.0322664672726205,"[-0.3743661   1.336822   -0.8251294  -0.49750862  0.28106916 -0.09136335
  0.          0.        ]"
2,-1.2678879900750804,"[-0.38274127  1.3249629  -0.8352086  -0.5266298   0.27869773 -0.04742882
  0.          0.        ]"
2,-0.25087505125810594,"[-0.39111647  1.3125038  -0.83520854 -0.553297    0.27632633 -0.04742828
  0.          0.        ]"
2,0.7691247577243143,"[-0.39942056  1.2994833  -0.82619077 -0.57789254  0.27200386 -0.08644926
  0.          0.        ]"
2,0.6733750299492385,"[-0.40780059  1.286552   -0.8340117  -0.57399434  0.26791355 -0.08180639
  0.          0.        ]"
2,-1.4768957291159086,"[-0.41627374  1.2729748  -0.84577906 -0.60314536  0.2663443  -0.03138458
  0.          0.        ]"
2,-0.9227421417898427,"[-0.42514133  1.2599409  -0.8844129  -0.5788687   0.26394323 -0.04802164
  0.          0.        ]"
2,-1.2259720232237032,"[-0.4340765   1.2462833  -0.8928995  -0.60688686  0.26331595 -0.01254582
  0.          0.        ]"
2,0.5305068136050022,"[-0.44294086  1.232045   -0.88403285 -0.63239074  0.2608601  -0.04911726
  0.          0.        ]"
2,-0.23767467788206886,"[-0.4518052   1.2172066  -0.88403255 -0.65905786  0.25840423 -0.04911737
  0.          0.        ]"
2,0.7092756698150151,"[-0.46060047  1.2017987  -0.87529963 -0.68405634  0.25409648 -0.08615535
  0.          0.        ]"
2,-1.36852004582144,"[-0.46948943  1.1857586  -0.88708514 -0.7125797   0.25224933 -0.03694291
  0.          0.        ]"
2,0.1123538268459015,"[-0.47864407  1.1701341  -0.91325265 -0.69404566  0.24999419 -0.04510283
  0.          0.        ]"
2,1.1954756567166214,"[-0.4878272   1.1547018  -0.9165651  -0.6855797   0.24821581 -0.03556744
  0.          0.        ]"
2,-0.32830639836168984,"[-0.49701032  1.1386697  -0.9165651  -0.7122466   0.24643746 -0.03556699
  0.          0.        ]"
2,0.7327516824220492,"[-0.50611603  1.1220741  -0.906778   -0.73695034  0.24257727 -0.07720385
  0.          0.        ]"
2,-1.2383734030410938,"[-0.51529986  1.1048461  -0.91662645 -0.7654094   0.24079429 -0.03565957
  0.          0.        ]"
2,0.7659024248507944,"[-0.5243969   1.0870383  -0.90576255 -0.79082114  0.23678568 -0.08017214
  0.          0.        ]"
2,0.4860575385449806,"[-0.53359425  1.06921    -0.9157492  -0.79172695  0.23274599 -0.08079413
  0.          0.        ]"
2,0.6258405894905377,"[-0.5427321   1.0508016  -0.90827715 -0.81729525  0.22715458 -0.11182816
  0.          0.        ]"
2,0.016854842527322944,"[-0.55187017  1.0317935  -0.90827626 -0.8439645   0.22156318 -0.11182798
  0.          0.        ]"
2,0.9262892605827642,"[-0.5609371   1.0122147  -0.8993063  -0.869086    0.21409096 -0.14944424
  0.          0.        ]"
2,2.036104812376675,"[-0.5702391   0.99331874 -0.92257845 -0.83873284  0.20639747 -0.15386996
  0.          0.        ]"
2,-0.6302121557891656,"[-0.57959926  0.97380054 -0.929907   -0.86663634  0.20023626 -0.12322428
  0.          0.        ]"
2,1.9949937649221965,"[-0.58923954  0.9551591  -0.95754117 -0.8276483   0.19371197 -0.13048592
  0.          0.        ]"
2,0.355457812169459,"[-0.5990704   0.93663114 -0.9761645  -0.82257307  0.18674609 -0.13931741
  0.          0.        ]"
2,1.1378631377754413,"[-0.60881263  0.9175218  -0.9650154  -0.8481733   0.17751159 -0.1846902
  0.          0.        ]"
2,1.832778367457206,"[-0.6187026   0.8988679  -0.9796813  -0.8279747   0.16817927 -0.18664628
  0.          0.        ]"
2,1.3244043179025027,"[-0.62877095  0.88059986 -0.9972099  -0.81085974  0.15854226 -0.19274053
  0.          0.        ]"
2,1.3932960079506358,"[-0.6390604   0.86289555 -1.0188496  -0.78581244  0.1484632  -0.20158093
  0.          0.        ]"
2,0.203015904777601,"[-0.6493499   0.84459275 -1.0188477  -0.81248766  0.13838422 -0.2015795
  0.          0.        ]"
2,1.509717451035567,"[-0.65985215  0.826897   -1.03964    -0.78553617  0.1278449  -0.21078615
  0.          0.        ]"
2,0.1853237542490831,"[-0.6703545   0.80860263 -1.0396379  -0.81221205  0.11730567 -0.2107846
  0.          0.        ]"
2,0.009231323201998987,"[-0.68102133  0.79021156 -1.0554992  -0.8165425   0.10619289 -0.22225562
  0.          0.        ]"
2,-0.7685965210166319,"[-0.6917608   0.7712156  -1.0645815  -0.84362614  0.09690537 -0.18575034
  0.          0.        ]"
2,-0.02374827596136697,"[-0.7025003   0.75162095 -1.0645802  -0.87030005  0.08761792 -0.18574911
  0.          0.        ]"
2,2.293670697242658,"[-0.713131    0.7321239  -1.0543947  -0.8660523   0.07901946 -0.17196904
  0.          0.        ]"
2,0.6042477072747772,"[-0.7238138   0.7125542  -1.0594807  -0.8693264   0.07030958 -0.17419781
  0.          0.        ]"
2,2.0016055590453847,"[-0.7344649   0.6932236  -1.0566323  -0.85876435  0.06192794 -0.1676328
  0.          0.        ]"
2,-1.266982636603699,"[-0.74519044  0.673283   -1.0659865  -0.88599557  0.05542925 -0.12997378
  0.          0.        ]"
2,0.40052669351922643,"[-0.75584143  0.65275544 -1.0566171  -0.9120451   0.04704419 -0.16770124
  0.          0.        ]"
2,-1.1207535571831488,"[-0.7665539   0.63163465 -1.0643073  -0.93850356  0.04019376 -0.13700867
  0.          0.        ]"
2,-1.608178703675519,"[-0.77735156  0.6099164  -1.075      -0.9651308   0.03548233 -0.09422851
  0.          0.        ]"
2,1.5126866147651412,"[-0.78818935  0.58860284 -1.0789335  -0.94715923  0.03069566 -0.09573327
  0.          0.        ]"
2,-1.921146084334423,"[-0.7991128   0.56669444 -1.0896766  -0.97365564  0.02805737 -0.0527657
  0.          0.        ]"
2,-0.14665907503726203,"[-0.80994767  0.54417974 -1.0785633  -1.0005691   0.02319706 -0.09720622
  0.          0.        ]"
2,-1.8173646635309797,"[-0.82085174  0.52106774 -1.0872457  -1.0271525   0.0200743  -0.06245526
  0.          0.        ]"
2,-1.215792374092615,"[-0.8317558   0.49735594 -1.0872457  -1.05382     0.01695154 -0.06245526
  0.          0.        ]"
2,-0.012070590705621942,"[-0.8428203   0.4739025  -1.1025779  -1.0423371   0.01313259 -0.0763789
  0.          0.        ]"
2,-0.5054072682450783,"[-0.85381615  0.4498534  -1.0939701  -1.0688131   0.00758897 -0.11087239
  0.          0.        ]"
2,-1.1826294872043661,"[-0.864812    0.4252046  -1.09397    -1.0954823   0.00204537 -0.11087215
  0.          0.        ]"
2,0.25349841791397126,"[-0.87588763  0.40095186 -1.101581   -1.0779042  -0.00386052 -0.11811779
  0.          0.        ]"
2,-2.4785259012859058,"[-0.8869633   0.3760996  -1.101581   -1.1045738  -0.00976639 -0.11811747
  0.          0.        ]"
2,-2.107023755896448,"[-0.8979611   0.35064435 -1.0918157  -1.1314138  -0.0176284  -0.15724021
  0.          0.        ]"
2,-3.254798422671057,"[-0.90902764  0.32460073 -1.1004497  -1.157579   -0.02375823 -0.12259652
  0.          0.        ]"
2,2.3289862031896407,"[-0.91992074  0.299253   -1.0838165  -1.1266638  -0.02918091 -0.10845357
  0.          0.        ]"
2,-2.7488168840941967,"[-0.9308138   0.27330565 -1.0838168  -1.1533331  -0.03460358 -0.10845335
  0.          0.        ]"
2,-2.417500962361855,"[-0.9416359   0.24676532 -1.074918   -1.1797557  -0.041804   -0.1440084
  0.          0.        ]"
2,-3.6792401487583377,"[-0.9525513   0.21962708 -1.0866293  -1.2062895  -0.04665903 -0.09710056
  0.          0.        ]"
2,-2.9613630214431055,"[-0.96346676  0.1918891  -1.0866294  -1.2329582  -0.05151405 -0.09710041
  0.          0.        ]"
2,-2.734938439639136,"[-0.9743218   0.16355433 -1.0790634  -1.2595605  -0.05788093 -0.12733766
  0.          0.        ]"
2,-3.7935589258263733,"[-0.9852597   0.13462259 -1.089461   -1.2860292  -0.06216476 -0.08567654
  0.          0.        ]"
2,-2.952063894031339,"[-0.99613684  0.10507572 -1.0818181  -1.3134465  -0.06799386 -0.1165819
  0.          0.        ]"
2,-100,"[-1.0069423   0.07493249 -1.0728512  -1.3400683  -0.07561328 -0.15238838
  0.          0.        ]"
3,1.511724067022709,"[ 0.0089077   1.3905829   0.4505748  -0.44283852 -0.01021128 -0.10116971
  0.          0.        ]"
3,-0.9749315064234054,"[ 0.01352253  1.3805728   0.46583232 -0.44493586 -0.01451548 -0.08609178
  0.          0.        ]"
3,-1.2461160109421598,"[ 0.01813745  1.3699627   0.4658451  -0.4716095  -0.01881972 -0.08609282
  0.          0.        ]"
3,-0.20410063238948623,"[ 0.02292976  1.3595505   0.48276693 -0.46280617 -0.0223225  -0.07006206
  0.          0.        ]"
3,1.5533734207898078,"[ 0.02776566  1.3496399   0.48699626 -0.4405289  -0.02569535 -0.06746311
  0.          0.        ]"
3,-1.11642345714273,"[ 0.03260164  1.3391292   0.48700604 -0.46720374 -0.02906743 -0.0674478
  0.          0.        ]"
3,-0.4783586195095381,"[ 0.03760576  1.3286924   0.5030812  -0.46390858 -0.03170027 -0.05266143
  0.          0.        ]"
3,-1.0114850810741416,"[ 0.04261007  1.3176556   0.50308865 -0.49058327 -0.03433327 -0.05266479
  0.          0.        ]"
3,0.22771795836784464,"[ 0.04778137  1.3068882   0.5190977  -0.47860053 -0.03626671 -0.03867238
  0.          0.        ]"
3,2.4437833891731318,"[ 0.05287905  1.2966121   0.51219976 -0.45677042 -0.03867487 -0.04816804
  0.          0.        ]"
3,-0.0572417311109234,"[ 0.05810881  1.2864703   0.52487767 -0.45080099 -0.04054625 -0.03743153
  0.          0.        ]"
3,-1.9814485806220137,"[ 0.06342659  1.2757277   0.53589714 -0.47755998 -0.04462517 -0.08158574
  0.          0.        ]"
3,0.8775416219061298,"[ 0.06888743  1.2655351   0.5496797  -0.45311594 -0.04818965 -0.07129626
  0.          0.        ]"
3,1.3010396915449973,"[ 0.07437725  1.2557902   0.55261046 -0.43322602 -0.05177608 -0.07173493
  0.          0.        ]"
3,1.5284062238237766,"[ 0.07973395  1.2461723   0.5400375  -0.42762336 -0.05610562 -0.08659855
  0.          0.        ]"
3,1.349592211591056,"[ 0.08503151  1.2368464   0.53455913 -0.4146682  -0.06086798 -0.09525538
  0.          0.        ]"
3,-2.0949683351340114,"[ 0.09039974  1.2269187   0.54341805 -0.44152036 -0.06740283 -0.13070881
  0.          0.        ]"
3,-0.5544759097212466,"[ 0.09570055  1.2163969   0.5349482  -0.46786287 -0.07223073 -0.09656699
  0.          0.        ]"
3,-0.20867896314186282,"[ 0.1009142   1.2052746   0.52403677 -0.4944565  -0.0748737  -0.05286419
  0.          0.        ]"
3,-0.06547552971269852,"[ 0.10604801  1.1935664   0.51400894 -0.5203946  -0.07549145 -0.01235618
  0.          0.        ]"
3,-0.8036902136940114,"[ 0.11118193  1.1812582   0.5140096  -0.5470636  -0.07610948 -0.01236201
  0.          0.        ]"
3,1.6521257318187679,"[ 0.11622515  1.1690516   0.5055434  -0.5425779  -0.07731205 -0.02405323
  0.          0.        ]"
3,0.7653828328593988,"[ 0.1212429   1.1568109   0.50324297 -0.54411125 -0.07876732 -0.02910813
  0.          0.        ]"
3,-0.902252207035815,"[ 0.12626067  1.14397     0.5032467  -0.57078177 -0.08022241 -0.02910446
  0.          0.        ]"
3,-0.21161576727800366,"[ 0.13121013  1.1305225   0.4946859  -0.59765786 -0.07996878  0.0050723
  0.          0.        ]"
3,-0.7106066266593984,"[ 0.13615961  1.1164749   0.4946858  -0.6243245  -0.07971516  0.00507243
  0.          0.        ]"
3,-0.6894457519905473,"[ 0.14110908  1.1018273   0.4946858  -0.65099114 -0.07946155  0.00507232
  0.          0.        ]"
3,-0.043114437319103444,"[ 0.14599618  1.0865881   0.48687297 -0.6771991  -0.07763445  0.03654161
  0.          0.        ]"
3,-0.4941425677797895,"[ 0.15088339  1.070749    0.4868729  -0.70386606 -0.07580738  0.03654147
  0.          0.        ]"
3,-0.4662903088844246,"[ 0.1557705   1.0543098   0.48687285 -0.730533   -0.07398029  0.03654153
  0.          0.        ]"
3,0.2979323886864631,"[ 0.1605833   1.0372883   0.47751537 -0.7563316  -0.07026004  0.07440485
  0.          0.        ]"
3,-1.072774175241675,"[ 0.16548061  1.0196577   0.48812452 -0.78350955 -0.06867278  0.03174539
  0.          0.        ]"
3,1.0637308322186925,"[ 0.17055702  1.0021377   0.50535357 -0.7785693  -0.06640875  0.04528026
  0.          0.        ]"
3,0.4003891833951354,"[ 0.17555094  0.98401564  0.49501497 -0.80523354 -0.06207884  0.08659816
  0.          0.        ]"
3,-0.8309407228667556,"[ 0.18061838  0.9652844   0.5042485  -0.83239734 -0.05960619  0.04945314
  0.          0.        ]"
3,0.36103198169686945,"[ 0.1856225   0.94596994  0.49628186 -0.8582619  -0.0555228   0.08166759
  0.          0.        ]"
3,-0.7645002358770216,"[ 0.19070216  0.9260518   0.5057602  -0.8851721  -0.05333975  0.04366101
  0.          0.        ]"
3,-0.8745305420944465,"[ 0.19585323  0.9055291   0.5147212  -0.91210735 -0.05295414  0.00771225
  0.          0.        ]"
3,-0.3411736787469408,"[ 0.20100431  0.88440627  0.5147213  -0.93877393 -0.05256852  0.00771219
  0.          0.        ]"
3,3.6787281580588003,"[ 0.20620689  0.8638772   0.51981604 -0.9123919  -0.05213821  0.00860652
  0.          0.        ]"
3,4.181801392063574,"[ 0.21143523  0.84407246  0.5224939  -0.88019735 -0.05180058  0.0067521
  0.          0.        ]"
3,2.923939064159822,"[ 0.21684885  0.8248833   0.5403552  -0.85282046 -0.05080024  0.02000643
  0.          0.        ]"
3,0.29893156157228984,"[ 0.22218962  0.8051083   0.5311941  -0.87879014 -0.04795423  0.05692022
  0.          0.        ]"
3,-0.8869566473101418,"[ 0.22760467  0.78473425  0.5405127  -0.9054838  -0.04697271  0.0196304
  0.          0.        ]"
3,-0.3443368387839598,"[ 0.23301974  0.7637601   0.5405127  -0.9321504  -0.04599119  0.01963039
  0.          0.        ]"
3,-1.08892270593651,"[ 0.23851804  0.7421846   0.5509495  -0.9589485  -0.04709988 -0.02217378
  0.          0.        ]"
3,1.6540429409462376,"[ 0.24398842  0.72063076  0.54837817 -0.95798707 -0.04842756 -0.02655317
  0.          0.        ]"
3,4.695208586650222,"[ 0.2493475   0.69982857  0.53798145 -0.9246132  -0.05046997 -0.04084852
  0.          0.        ]"
3,-1.373091266956776,"[ 0.25478095  0.6784278   0.5473083  -0.9512818  -0.05437787 -0.07815804
  0.          0.        ]"
3,-1.7519249782958741,"[ 0.26030523  0.6564095   0.5586981  -0.97883356 -0.06058159 -0.12407465
  0.          0.        ]"
3,3.608281371879042,"[ 0.26572388  0.6349973   0.5488583  -0.9519524  -0.06749731 -0.13831416
  0.          0.        ]"
3,3.32592752568483,"[ 0.27124453  0.6144063   0.5588704  -0.9154761  -0.07423741 -0.13480186
  0.          0.        ]"
3,-0.5637748864175183,"[ 0.27668715  0.593221    0.5490842  -0.9418133  -0.07901384 -0.09552833
  0.          0.        ]"
3,1.305629747658952,"[ 0.2822175   0.5722574   0.5576555  -0.9319689  -0.08358488 -0.09142093
  0.          0.        ]"
3,3.449159286485906,"[ 0.28784618  0.5521313   0.5674025  -0.8947534  -0.08807197 -0.08974183
  0.          0.        ]"
3,1.4864773541574265,"[ 0.29362813  0.5324176   0.582289   -0.8764122  -0.09212696 -0.08110005
  0.          0.        ]"
3,1.4308536204898814,"[ 0.29933605  0.5128096   0.5754269  -0.87176037 -0.09672294 -0.09191941
  0.          0.        ]"
3,-1.2576545248869877,"[ 0.305044    0.49260187  0.57542664 -0.89842874 -0.10131891 -0.09191929
  0.          0.        ]"
3,2.026831584198942,"[ 0.31101465  0.47315133  0.6008979  -0.864732   -0.10512868 -0.07619565
  0.          0.        ]"
3,1.9507593713011147,"[ 0.31725484  0.4545044   0.6270602  -0.8289724  -0.10815179 -0.06046211
  0.          0.        ]"
3,-0.586337986917896,"[ 0.3234313   0.43526953  0.61906934 -0.85498613 -0.10955731 -0.02811055
  0.          0.        ]"
3,2.584457759992614,"[ 0.32953626  0.416479    0.6125886  -0.8352909  -0.1116439  -0.04173176
  0.          0.        ]"
3,1.5066667673068366,"[ 0.33587503  0.39834416  0.63532996 -0.8060992  -0.11308596 -0.02884135
  0.          0.        ]"
3,-0.621714582139407,"[ 0.34238368  0.38016307  0.65171975 -0.8081165  -0.11393982 -0.01707736
  0.          0.        ]"
3,1.4163532950326327,"[ 0.3487877   0.3620931   0.6420043  -0.8032367  -0.11552284 -0.03166017
  0.          0.        ]"
3,-1.385456628206839,"[ 0.3551918   0.34342304  0.64200425 -0.8299036  -0.11710585 -0.0316602
  0.          0.        ]"
3,-0.3833261503951053,"[ 0.36149836  0.32417515  0.62972796 -0.85538864 -0.11619496  0.01821804
  0.          0.        ]"
3,-2.022036092703955,"[ 0.36787406  0.30431545  0.6384245  -0.8827198  -0.11704303 -0.01696144
  0.          0.        ]"
3,-1.4856021349734192,"[ 0.37424985  0.28385577  0.6384245  -0.9093865  -0.11789113 -0.01696169
  0.          0.        ]"
3,-0.9244454356665404,"[ 0.38056612  0.26281703  0.6309396  -0.9349999  -0.11720374  0.01374762
  0.          0.        ]"
3,-1.4917344940246835,"[ 0.38688248  0.2411783   0.6309396  -0.9616665  -0.11651636  0.01374782
  0.          0.        ]"
3,1.804555287654506,"[ 0.39342603  0.22027953  0.65309703 -0.9287356  -0.11526448  0.02503753
  0.          0.        ]"
3,1.270555209566578,"[ 0.40015584  0.19996642  0.67128444 -0.9026743  -0.11357652  0.03375914
  0.          0.        ]"
3,1.4251887712158406,"[ 0.40688533  0.18003932  0.6715942  -0.8855465  -0.11223437  0.02684298
  0.          0.        ]"
3,2.0984136775310676,"[ 0.41357812  0.16068314  0.6685069  -0.8602169  -0.11146434  0.01540055
  0.          0.        ]"
3,-1.991690640868569,"[ 0.42027092  0.140727    0.6685069  -0.8868836  -0.11069432  0.01540047
  0.          0.        ]"
3,0.4882067523198657,"[ 0.42721575  0.1214073   0.69296974 -0.8585434  -0.10918599  0.03016701
  0.          0.        ]"
3,-1.131583946530468,"[ 0.43407115  0.10150703  0.6817148  -0.8841803  -0.10539464  0.07582692
  0.          0.        ]"
3,0.11440264944060347,"[ 0.4410716   0.0819372   0.6958586  -0.86948085 -0.1012369   0.08315463
  0.          0.        ]"
3,-2.0477401349139086,"[ 0.44807214  0.06176763  0.69585836 -0.8961489  -0.09707918  0.08315453
  0.          0.        ]"
3,-2.9168300313882,"[ 0.45513707  0.04098238  0.70395267 -0.923626   -0.09456458  0.05029201
  0.          0.        ]"
3,1.450715051360686,"[ 0.4623143   0.0209844   0.7150777  -0.88863474 -0.09193546  0.05258225
  0.          0.        ]"
3,-2.4968581947466078,"[ 4.6949157e-01  3.8646220e-04  7.1507758e-01 -9.1530204e-01
 -8.9306355e-02  5.2582223e-02  0.0000000e+00  0.0000000e+00]"
3,1.131065417413805,"[ 0.47674513 -0.01951735  0.7227022  -0.8844578  -0.08668134  0.0525005
  0.          0.        ]"
3,1.5913320351648792,"[ 0.48400488 -0.03866958  0.7236692  -0.8510784  -0.08438717  0.04588325
  0.          0.        ]"
3,-1.7673025880150692,"[ 0.49117202 -0.05841925  0.71205044 -0.8775074  -0.07976697  0.09240409
  0.          0.        ]"
3,-3.5708106412006644,"[ 0.4984274  -0.07877021  0.723092   -0.90436053 -0.07735651  0.04820906
  0.          0.        ]"
3,1.3035090010149986,"[ 0.50567234 -0.09842154  0.7224255  -0.8732861  -0.07530238  0.04108264
  0.          0.        ]"
3,-2.992415104054828,"[ 0.5129174  -0.11867283  0.72242546 -0.8999532  -0.07324825  0.04108267
  0.          0.        ]"
3,-2.097719769697106,"[ 0.5200656  -0.139518    0.71027774 -0.92623705 -0.06875734  0.08981831
  0.          0.        ]"
3,7.043450220117762,"[ 0.52721375 -0.1609629   0.71027756 -0.9529054  -0.06426643  0.08981818
  0.          1.        ]"
3,6.398790457012154,"[ 0.5343739  -0.18230544  0.7297374  -0.94920087 -0.07810897 -0.27716652
  1.          1.        ]"
3,4.19113898229453,"[ 0.5413817  -0.20172808  0.71832263 -0.86419094 -0.09360736 -0.30760857
  1.          1.        ]"
3,-100,"[ 5.4858935e-01 -2.1117474e-01  7.7307534e-01 -7.0173606e-02
 -1.3501799e-01  2.6366666e-07  1.0000000e+00  1.0000000e+00]"
